<bpy>
  <Theme>
    <user_interface>
      <ThemeUserInterface menu_shadow_fac="0.5"
                          menu_shadow_width="12"
                          icon_file=""
                          icon_alpha="1"
                          axis_x="#dc0000"
                          axis_y="#00dc00"
                          axis_z="#0000dc">
        <wcol_regular>
          <ThemeWidgetColors outline="#191919"
                             inner="#999999ff"
                             inner_sel="#c77613ff"
                             item="#191919ff"
                             text="#c2c2c2"
                             text_sel="#ffffff"
                             show_shaded="FALSE"
                             shadetop="0"
                             shadedown="0">
          </ThemeWidgetColors>
        </wcol_regular>
        <wcol_tool>
          <ThemeWidgetColors outline="#1f1f1f"
                             inner="#333333ff"
                             inner_sel="#c28d45ff"
                             item="#191919ff"
                             text="#b8b8b8"
                             text_sel="#000000"
                             show_shaded="TRUE"
                             shadetop="10"
                             shadedown="0">
          </ThemeWidgetColors>
        </wcol_tool>
        <wcol_radio>
          <ThemeWidgetColors outline="#1f1f1f"
                             inner="#333333ff"
                             inner_sel="#c28d45ff"
                             item="#ffffffff"
                             text="#b8b8b8"
                             text_sel="#000000"
                             show_shaded="TRUE"
                             shadetop="5"
                             shadedown="-5">
          </ThemeWidgetColors>
        </wcol_radio>
        <wcol_text>
          <ThemeWidgetColors outline="#303030"
                             inner="#7a8287ff"
                             inner_sel="#999999ff"
                             item="#5a5a5aff"
                             text="#000000"
                             text_sel="#ffffff"
                             show_shaded="TRUE"
                             shadetop="5"
                             shadedown="0">
          </ThemeWidgetColors>
        </wcol_text>
        <wcol_option>
          <ThemeWidgetColors outline="#1f1f1f"
                             inner="#3b3b3bff"
                             inner_sel="#c28d45ff"
                             item="#ffffffff"
                             text="#b8b8b8"
                             text_sel="#ffffff"
                             show_shaded="TRUE"
                             shadetop="5"
                             shadedown="0">
          </ThemeWidgetColors>
        </wcol_option>
        <wcol_toggle>
          <ThemeWidgetColors outline="#1f1f1f"
                             inner="#333333ff"
                             inner_sel="#c28d45ff"
                             item="#191919ff"
                             text="#b8b8b8"
                             text_sel="#000000"
                             show_shaded="TRUE"
                             shadetop="5"
                             shadedown="0">
          </ThemeWidgetColors>
        </wcol_toggle>
        <wcol_num>
          <ThemeWidgetColors outline="#1f1f1f"
                             inner="#333333ff"
                             inner_sel="#999999ff"
                             item="#727272ff"
                             text="#b8b8b8"
                             text_sel="#ffffff"
                             show_shaded="TRUE"
                             shadetop="10"
                             shadedown="0">
          </ThemeWidgetColors>
        </wcol_num>
        <wcol_numslider>
          <ThemeWidgetColors outline="#303030"
                             inner="#606068ff"
                             inner_sel="#91919dff"
                             item="#3a3a3aff"
                             text="#dfdfdf"
                             text_sel="#ffffff"
                             show_shaded="TRUE"
                             shadetop="-10"
                             shadedown="10">
          </ThemeWidgetColors>
        </wcol_numslider>
        <wcol_box>
          <ThemeWidgetColors outline="#2a2a2a"
                             inner="#3e3e3eff"
                             inner_sel="#646464ff"
                             item="#191919ff"
                             text="#000000"
                             text_sel="#ffffff"
                             show_shaded="TRUE"
                             shadetop="0"
                             shadedown="-7">
          </ThemeWidgetColors>
        </wcol_box>
        <wcol_menu>
          <ThemeWidgetColors outline="#151515"
                             inner="#2f2f2fff"
                             inner_sel="#464646ff"
                             item="#777777ff"
                             text="#b8b8b8"
                             text_sel="#cccccc"
                             show_shaded="TRUE"
                             shadetop="5"
                             shadedown="-5">
          </ThemeWidgetColors>
        </wcol_menu>
        <wcol_pulldown>
          <ThemeWidgetColors outline="#000000"
                             inner="#3f3f3fff"
                             inner_sel="#c28d45ff"
                             item="#ffffffff"
                             text="#b8b8b8"
                             text_sel="#000000"
                             show_shaded="TRUE"
                             shadetop="25"
                             shadedown="0">
          </ThemeWidgetColors>
        </wcol_pulldown>
        <wcol_menu_back>
          <ThemeWidgetColors outline="#000000"
                             inner="#3b3b3bff"
                             inner_sel="#2d2d2de6"
                             item="#646464ff"
                             text="#b8b8b8"
                             text_sel="#ffffff"
                             show_shaded="FALSE"
                             shadetop="25"
                             shadedown="-20">
          </ThemeWidgetColors>
        </wcol_menu_back>
        <wcol_tooltip>
          <ThemeWidgetColors outline="#000000"
                             inner="#191919e6"
                             inner_sel="#2d2d2de6"
                             item="#646464ff"
                             text="#ffffff"
                             text_sel="#ffffff"
                             show_shaded="FALSE"
                             shadetop="25"
                             shadedown="-20">
          </ThemeWidgetColors>
        </wcol_tooltip>
        <wcol_menu_item>
          <ThemeWidgetColors outline="#000000"
                             inner="#00000000"
                             inner_sel="#c28d45ff"
                             item="#ffffffff"
                             text="#b8b8b8"
                             text_sel="#000000"
                             show_shaded="TRUE"
                             shadetop="0"
                             shadedown="20">
          </ThemeWidgetColors>
        </wcol_menu_item>
        <wcol_scroll>
          <ThemeWidgetColors outline="#1c1c1c"
                             inner="#07070719"
                             inner_sel="#646464b4"
                             item="#2e2e2eff"
                             text="#000000"
                             text_sel="#ffffff"
                             show_shaded="TRUE"
                             shadetop="0"
                             shadedown="0">
          </ThemeWidgetColors>
        </wcol_scroll>
        <wcol_progress>
          <ThemeWidgetColors outline="#000000"
                             inner="#bebebeff"
                             inner_sel="#646464b4"
                             item="#444444ff"
                             text="#000000"
                             text_sel="#ffffff"
                             show_shaded="FALSE"
                             shadetop="0"
                             shadedown="0">
          </ThemeWidgetColors>
        </wcol_progress>
        <wcol_list_item>
          <ThemeWidgetColors outline="#000000"
                             inner="#00000000"
                             inner_sel="#75582aae"
                             item="#000000ff"
                             text="#e0e0e0"
                             text_sel="#000000"
                             show_shaded="TRUE"
                             shadetop="0"
                             shadedown="-10">
          </ThemeWidgetColors>
        </wcol_list_item>
        <wcol_state>
          <ThemeWidgetStateColors inner_anim="#73be4c"
                                  inner_anim_sel="#5aa633"
                                  inner_key="#f0eb64"
                                  inner_key_sel="#d7d34b"
                                  inner_driven="#b400ff"
                                  inner_driven_sel="#9900e6"
                                  blend="0.5">
          </ThemeWidgetStateColors>
        </wcol_state>
      </ThemeUserInterface>
    </user_interface>
    <view_3d>
      <ThemeView3D grid="#353535"
                   wire="#000000"
                   wire_edit="#000000"
                   lamp="#00000028"
                   speaker="#000000"
                   camera="#000000"
                   empty="#000000"
                   object_selected="#f1f1f1"
                   object_active="#c28d45"
                   object_grouped="#083008"
                   object_grouped_active="#55bb55"
                   transform="#ffffff"
                   vertex="#a8a8a8"
                   vertex_select="#c28d45"
                   vertex_size="3"
                   vertex_unreferenced="#000000"
                   edge_select="#c28d45"
                   edge_seam="#db2512"
                   edge_sharp="#00ffff"
                   edge_crease="#cc0099"
                   edge_facesel="#4b4b4b"
                   freestyle_edge_mark="#7fff7f"
                   face="#00000054"
                   face_select="#81602e73"
                   face_dot="#c28d45"
                   facedot_size="2"
                   freestyle_face_mark="#7fff7f33"
                   nurb_uline="#909000"
                   nurb_vline="#803060"
                   nurb_sel_uline="#f0ff40"
                   nurb_sel_vline="#f090a0"
                   act_spline="#db2512"
                   handle_free="#000000"
                   handle_auto="#909000"
                   handle_vect="#409030"
                   handle_align="#803060"
                   handle_sel_free="#000000"
                   handle_sel_auto="#f0ff40"
                   handle_sel_vect="#40c030"
                   handle_sel_align="#f090a0"
                   lastsel_point="#ffffff"
                   extra_edge_len="#200000"
                   extra_edge_angle="#000000"
                   extra_face_angle="#000080"
                   extra_face_area="#002000"
                   editmesh_active="#ffffff80"
                   normal="#22dddd"
                   vertex_normal="#2361dd"
                   bone_solid="#c8c8c8"
                   bone_pose="#50c8ff"
                   bone_pose_active="#8cffff"
                   frame_current="#60c040"
                   outline_width="1"
                   bundle_solid="#c8c8c8"
                   camera_path="#000000"
                   skin_root="#b44d4d">
        <space>
          <ThemeSpaceGradient title="#000000"
                              text="#b8b8b8"
                              text_hi="#e9e9e9"
                              header="#3b3b3b"
                              header_text="#b9b9b9"
                              header_text_hi="#ffffff"
                              button="#3b3b3b80"
                              button_title="#949494"
                              button_text="#d2d2d2"
                              button_text_hi="#ffffff">
            <panelcolors>
              <ThemePanelColors header="#00000019"
                                back="#72727280"
                                show_header="FALSE"
                                show_back="FALSE">
              </ThemePanelColors>
            </panelcolors>
            <gradients>
              <ThemeGradientColors show_grad="FALSE"
                                   gradient="#000000"
                                   high_gradient="#2c2e30">
              </ThemeGradientColors>
            </gradients>
          </ThemeSpaceGradient>
        </space>
      </ThemeView3D>
    </view_3d>
    <graph_editor>
      <ThemeGraphEditor grid="#4b4b4b"
                        window_sliders="#969696"
                        channels_region="#707070"
                        vertex="#000000"
                        vertex_select="#ff8500"
                        vertex_size="6"
                        vertex_unreferenced="#000000"
                        handle_free="#000000"
                        handle_auto="#909000"
                        handle_vect="#409030"
                        handle_align="#803060"
                        handle_sel_free="#000000"
                        handle_sel_auto="#f0ff40"
                        handle_sel_vect="#40c030"
                        handle_sel_align="#f090a0"
                        handle_auto_clamped="#994030"
                        handle_sel_auto_clamped="#f0af90"
                        lastsel_point="#ffffff"
                        frame_current="#60c040"
                        handle_vertex="#000000"
                        handle_vertex_select="#ff8500"
                        handle_vertex_size="5"
                        channel_group="#4f6549"
                        active_channels_group="#87b17d"
                        dopesheet_channel="#52606e"
                        dopesheet_subchannel="#7c8996">
        <space>
          <ThemeSpaceGeneric back="#3b3b3b"
                             title="#8b8b8b"
                             text="#848484"
                             text_hi="#ffffff"
                             header="#3b3b3b"
                             header_text="#000000"
                             header_text_hi="#ffffff"
                             button="#3b3b3bff"
                             button_title="#8b8b8b"
                             button_text="#8b8b8b"
                             button_text_hi="#ffffff">
            <panelcolors>
              <ThemePanelColors header="#00000019"
                                back="#72727280"
                                show_header="FALSE"
                                show_back="FALSE">
              </ThemePanelColors>
            </panelcolors>
          </ThemeSpaceGeneric>
        </space>
        <space_list>
          <ThemeSpaceListGeneric list="#3b3b3b"
                                 list_title="#8b8b8b"
                                 list_text="#8b8b8b"
                                 list_text_hi="#ffffff">
          </ThemeSpaceListGeneric>
        </space_list>
      </ThemeGraphEditor>
    </graph_editor>
    <file_browser>
      <ThemeFileBrowser selected_file="#755729"
                        scrollbar="#a0a0a0"
                        scroll_handle="#7f7070"
                        active_file="#828282"
                        active_file_text="#fafafa">
        <space>
          <ThemeSpaceGeneric back="#3a3a3a"
                             title="#8b8b8b"
                             text="#cacaca"
                             text_hi="#0f0f0f"
                             header="#3b3b3b"
                             header_text="#8b8b8b"
                             header_text_hi="#ffffff"
                             button="#303030ff"
                             button_title="#000000"
                             button_text="#000000"
                             button_text_hi="#ffffff">
            <panelcolors>
              <ThemePanelColors header="#00000019"
                                back="#72727280"
                                show_header="FALSE"
                                show_back="FALSE">
              </ThemePanelColors>
            </panelcolors>
          </ThemeSpaceGeneric>
        </space>
        <space_list>
          <ThemeSpaceListGeneric list="#3b3b3b"
                                 list_title="#8b8b8b"
                                 list_text="#8b8b8b"
                                 list_text_hi="#ffffff">
          </ThemeSpaceListGeneric>
        </space_list>
      </ThemeFileBrowser>
    </file_browser>
    <nla_editor>
      <ThemeNLAEditor grid="#585858"
                      view_sliders="#969696"
                      active_action="#cc701a66"
                      active_action_unset="#9987614d"
                      strips="#0c0a0a"
                      strips_selected="#ff8c00"
                      transition_strips="#1c2630"
                      transition_strips_selected="#2e75db"
                      meta_strips="#332642"
                      meta_strips_selected="#692196"
                      sound_strips="#2b3d3d"
                      sound_strips_selected="#1f7a7a"
                      tweak="#4df31a"
                      tweak_duplicate="#d90000"
                      frame_current="#60c040">
        <space>
          <ThemeSpaceGeneric back="#4b4b4b"
                             title="#8b8b8b"
                             text="#000000"
                             text_hi="#ffffff"
                             header="#3b3b3b"
                             header_text="#000000"
                             header_text_hi="#ffffff"
                             button="#3b3b3bff"
                             button_title="#000000"
                             button_text="#000000"
                             button_text_hi="#ffffff">
            <panelcolors>
              <ThemePanelColors header="#00000019"
                                back="#72727280"
                                show_header="FALSE"
                                show_back="FALSE">
              </ThemePanelColors>
            </panelcolors>
          </ThemeSpaceGeneric>
        </space>
        <space_list>
          <ThemeSpaceListGeneric list="#3b3b3b"
                                 list_title="#000000"
                                 list_text="#000000"
                                 list_text_hi="#ffffff">
          </ThemeSpaceListGeneric>
        </space_list>
      </ThemeNLAEditor>
    </nla_editor>
    <dopesheet_editor>
      <ThemeDopeSheet grid="#4b4b4b"
                      value_sliders="#000000"
                      view_sliders="#969696"
                      channels="#707070"
                      channels_selected="#60c040"
                      channel_group="#4f6549"
                      active_channels_group="#87b17d"
                      long_key="#0c0a0a"
                      long_key_selected="#ff8c00"
                      frame_current="#8f0005"
                      dopesheet_channel="#52606e"
                      dopesheet_subchannel="#7c8996"
                      summary="#cc701a66">
        <space>
          <ThemeSpaceGeneric back="#3b3b3b"
                             title="#000000"
                             text="#848484"
                             text_hi="#ffffff"
                             header="#3b3b3b"
                             header_text="#000000"
                             header_text_hi="#ffffff"
                             button="#aaaaaaff"
                             button_title="#000000"
                             button_text="#000000"
                             button_text_hi="#ffffff">
            <panelcolors>
              <ThemePanelColors header="#00000019"
                                back="#72727280"
                                show_header="FALSE"
                                show_back="FALSE">
              </ThemePanelColors>
            </panelcolors>
          </ThemeSpaceGeneric>
        </space>
        <space_list>
          <ThemeSpaceListGeneric list="#3b3b3b"
                                 list_title="#000000"
                                 list_text="#000000"
                                 list_text_hi="#ffffff">
          </ThemeSpaceListGeneric>
        </space_list>
      </ThemeDopeSheet>
    </dopesheet_editor>
    <image_editor>
      <ThemeImageEditor vertex="#a8a8a8"
                        vertex_select="#c28d45"
                        vertex_size="3"
                        vertex_unreferenced="#000000"
                        face="#7c7c7c0a"
                        face_select="#c28d453c"
                        face_dot="#c28d45"
                        facedot_size="3"
                        freestyle_face_mark="#00000000"
                        editmesh_active="#ffffff80"
                        scope_back="#3b3b3bff"
                        preview_stitch_face="#1242b026"
                        preview_stitch_edge="#ff8500b2"
                        preview_stitch_vert="#ff85007f"
                        preview_stitch_stitchable="#00ff00ff"
                        preview_stitch_unstitchable="#ff0000ff"
                        preview_stitch_active="#e1d2c323"
                        uv_shadow="#707070ff"
                        uv_others="#606060ff">
        <space>
          <ThemeSpaceGeneric back="#303030"
                             title="#8b8b8b"
                             text="#8b8b8b"
                             text_hi="#ffffff"
                             header="#3b3b3b"
                             header_text="#000000"
                             header_text_hi="#ffffff"
                             button="#3b3b3b80"
                             button_title="#8b8b8b"
                             button_text="#8b8b8b"
                             button_text_hi="#ffffff">
            <panelcolors>
              <ThemePanelColors header="#00000019"
                                back="#72727280"
                                show_header="FALSE"
                                show_back="FALSE">
              </ThemePanelColors>
            </panelcolors>
          </ThemeSpaceGeneric>
        </space>
      </ThemeImageEditor>
    </image_editor>
    <sequence_editor>
      <ThemeSequenceEditor grid="#818181"
                           window_sliders="#a0a0a0"
                           movie_strip="#516987"
                           movieclip_strip="#20208f"
                           image_strip="#6d5881"
                           scene_strip="#4e983e"
                           audio_strip="#2e8f8f"
                           effect_strip="#a9547c"
                           transition_strip="#a25f6f"
                           meta_strip="#6d9183"
                           frame_current="#60c040"
                           keyframe="#ff8500"
                           draw_action="#50c8ff"
                           preview_back="#000000">
        <space>
          <ThemeSpaceGeneric back="#3b3b3b"
                             title="#8b8b8b"
                             text="#848484"
                             text_hi="#ffffff"
                             header="#3b3b3b"
                             header_text="#000000"
                             header_text_hi="#ffffff"
                             button="#3b3b3b80"
                             button_title="#000000"
                             button_text="#000000"
                             button_text_hi="#ffffff">
            <panelcolors>
              <ThemePanelColors header="#00000019"
                                back="#72727280"
                                show_header="FALSE"
                                show_back="FALSE">
              </ThemePanelColors>
            </panelcolors>
          </ThemeSpaceGeneric>
        </space>
      </ThemeSequenceEditor>
    </sequence_editor>
    <properties>
      <ThemeProperties>
        <space>
          <ThemeSpaceGeneric back="#3b3b3b"
                             title="#6d6d6d"
                             text="#b8b8b8"
                             text_hi="#ffffff"
                             header="#3b3b3b"
                             header_text="#000000"
                             header_text_hi="#ffffff"
                             button="#727272ff"
                             button_title="#b8b8b8"
                             button_text="#b8b8b8"
                             button_text_hi="#ffffff">
            <panelcolors>
              <ThemePanelColors header="#00000019"
                                back="#72727280"
                                show_header="FALSE"
                                show_back="FALSE">
              </ThemePanelColors>
            </panelcolors>
          </ThemeSpaceGeneric>
        </space>
      </ThemeProperties>
    </properties>
    <text_editor>
      <ThemeTextEditor line_numbers_background="#979797"
                       selected_text="#c67777"
                       cursor="#b10000"
                       syntax_builtin="#800050"
                       syntax_symbols="#5f5854"
                       syntax_special="#5f5f00"
                       syntax_preprocessor="#32008c"
                       syntax_reserved="#8c3c00"
                       syntax_comment="#008140"
                       syntax_string="#610000"
                       syntax_numbers="#0000c8">
        <space>
          <ThemeSpaceGeneric back="#ffffff"
                             title="#8b8b8b"
                             text="#000000"
                             text_hi="#ffffff"
                             header="#3b3b3b"
                             header_text="#000000"
                             header_text_hi="#ffffff"
                             button="#3b3b3bff"
                             button_title="#8b8b8b"
                             button_text="#8b8b8b"
                             button_text_hi="#ffffff">
            <panelcolors>
              <ThemePanelColors header="#00000019"
                                back="#72727280"
                                show_header="FALSE"
                                show_back="FALSE">
              </ThemePanelColors>
            </panelcolors>
          </ThemeSpaceGeneric>
        </space>
      </ThemeTextEditor>
    </text_editor>
    <timeline>
      <ThemeTimeline grid="#464646"
                     frame_current="#60c040">
        <space>
          <ThemeSpaceGeneric back="#303030"
                             title="#000000"
                             text="#848484"
                             text_hi="#ffffff"
                             header="#3b3b3b"
                             header_text="#000000"
                             header_text_hi="#ffffff"
                             button="#727272ff"
                             button_title="#000000"
                             button_text="#000000"
                             button_text_hi="#ffffff">
            <panelcolors>
              <ThemePanelColors header="#00000019"
                                back="#72727280"
                                show_header="FALSE"
                                show_back="FALSE">
              </ThemePanelColors>
            </panelcolors>
          </ThemeSpaceGeneric>
        </space>
      </ThemeTimeline>
    </timeline>
    <node_editor>
      <ThemeNodeEditor node_selected="#f15800"
                       node_active="#ff8c19"
                       wire="#000000"
                       wire_select="#ffffff"
                       selected_text="#7f7070"
                       node_backdrop="#9b9b9ba0"
                       in_out_node="#646464"
                       converter_node="#686a75"
                       operator_node="#6c696f"
                       group_node="#69756e"
                       group_socket_node="#dfca35"
                       frame_node="#00000040"
                       matte_node="#977474"
                       distor_node="#749797"
                       noodle_curving="5">
        <space>
          <ThemeSpaceGeneric back="#3b3b3b"
                             title="#8b8b8b"
                             text="#8b8b8b"
                             text_hi="#ffffff"
                             header="#3b3b3b"
                             header_text="#000000"
                             header_text_hi="#ffffff"
                             button="#3b3b3b80"
                             button_title="#8b8b8b"
                             button_text="#8b8b8b"
                             button_text_hi="#ffffff">
            <panelcolors>
              <ThemePanelColors header="#00000019"
                                back="#72727280"
                                show_header="FALSE"
                                show_back="FALSE">
              </ThemePanelColors>
            </panelcolors>
          </ThemeSpaceGeneric>
        </space>
        <space_list>
          <ThemeSpaceListGeneric list="#a5a5a5"
                                 list_title="#000000"
                                 list_text="#000000"
                                 list_text_hi="#ffffff">
          </ThemeSpaceListGeneric>
        </space_list>
      </ThemeNodeEditor>
    </node_editor>
    <logic_editor>
      <ThemeLogicEditor>
        <space>
          <ThemeSpaceGeneric back="#3b3b3b"
                             title="#000000"
                             text="#000000"
                             text_hi="#ffffff"
                             header="#3b3b3b"
                             header_text="#000000"
                             header_text_hi="#ffffff"
                             button="#3b3b3bff"
                             button_title="#8b8b8b"
                             button_text="#8b8b8b"
                             button_text_hi="#ffffff">
            <panelcolors>
              <ThemePanelColors header="#00000019"
                                back="#72727280"
                                show_header="FALSE"
                                show_back="FALSE">
              </ThemePanelColors>
            </panelcolors>
          </ThemeSpaceGeneric>
        </space>
      </ThemeLogicEditor>
    </logic_editor>
    <outliner>
      <ThemeOutliner match="#245824"
                     selected_highlight="#212844">
        <space>
          <ThemeSpaceGeneric back="#3a3a3a"
                             title="#000000"
                             text="#cacaca"
                             text_hi="#ffffff"
                             header="#3b3b3b"
                             header_text="#000000"
                             header_text_hi="#ffffff"
                             button="#727272ff"
                             button_title="#000000"
                             button_text="#000000"
                             button_text_hi="#ffffff">
            <panelcolors>
              <ThemePanelColors header="#00000019"
                                back="#72727280"
                                show_header="FALSE"
                                show_back="FALSE">
              </ThemePanelColors>
            </panelcolors>
          </ThemeSpaceGeneric>
        </space>
      </ThemeOutliner>
    </outliner>
    <info>
      <ThemeInfo>
        <space>
          <ThemeSpaceGeneric back="#727272"
                             title="#000000"
                             text="#000000"
                             text_hi="#000000"
                             header="#3b3b3b"
                             header_text="#8b8b8b"
                             header_text_hi="#000000"
                             button="#3b3b3bff"
                             button_title="#000000"
                             button_text="#000000"
                             button_text_hi="#000000">
            <panelcolors>
              <ThemePanelColors header="#00000019"
                                back="#72727280"
                                show_header="FALSE"
                                show_back="FALSE">
              </ThemePanelColors>
            </panelcolors>
          </ThemeSpaceGeneric>
        </space>
      </ThemeInfo>
    </info>
    <user_preferences>
      <ThemeUserPreferences>
        <space>
          <ThemeSpaceGeneric back="#3b3b3b"
                             title="#000000"
                             text="#b8b8b8"
                             text_hi="#ffffff"
                             header="#3b3b3b"
                             header_text="#000000"
                             header_text_hi="#ffffff"
                             button="#727272ff"
                             button_title="#000000"
                             button_text="#000000"
                             button_text_hi="#ffffff">
            <panelcolors>
              <ThemePanelColors header="#00000019"
                                back="#72727280"
                                show_header="FALSE"
                                show_back="FALSE">
              </ThemePanelColors>
            </panelcolors>
          </ThemeSpaceGeneric>
        </space>
      </ThemeUserPreferences>
    </user_preferences>
    <console>
      <ThemeConsole line_output="#b8b8b8"
                    line_input="#ffffff"
                    line_info="#00aa00"
                    line_error="#dc6060"
                    cursor="#dc6060"
                    select="#ffffff30">
        <space>
          <ThemeSpaceGeneric back="#202020"
                             title="#000000"
                             text="#000000"
                             text_hi="#ffffff"
                             header="#303030"
                             header_text="#000000"
                             header_text_hi="#ffffff"
                             button="#3b3b3bff"
                             button_title="#000000"
                             button_text="#000000"
                             button_text_hi="#ffffff">
            <panelcolors>
              <ThemePanelColors header="#00000019"
                                back="#72727280"
                                show_header="FALSE"
                                show_back="FALSE">
              </ThemePanelColors>
            </panelcolors>
          </ThemeSpaceGeneric>
        </space>
      </ThemeConsole>
    </console>
    <clip_editor>
      <ThemeClipEditor marker_outline="#000000"
                       marker="#7f7f00"
                       active_marker="#ffffff"
                       selected_marker="#ffff00"
                       disabled_marker="#7f0000"
                       locked_marker="#7f7f7f"
                       path_before="#ff0000"
                       path_after="#0000ff"
                       grid="#5e5e5e"
                       frame_current="#60c040"
                       handle_vertex="#000000"
                       handle_vertex_select="#ffff00"
                       handle_vertex_size="4"
                       strips="#0c0a0a"
                       strips_selected="#ff8c00">
        <space>
          <ThemeSpaceGeneric back="#2c2e30"
                             title="#000000"
                             text="#000000"
                             text_hi="#ffffff"
                             header="#3b3b3b"
                             header_text="#000000"
                             header_text_hi="#ffffff"
                             button="#3b3b3b80"
                             button_title="#000000"
                             button_text="#000000"
                             button_text_hi="#ffffff">
            <panelcolors>
              <ThemePanelColors header="#00000019"
                                back="#72727280"
                                show_header="FALSE"
                                show_back="FALSE">
              </ThemePanelColors>
            </panelcolors>
          </ThemeSpaceGeneric>
        </space>
        <space_list>
          <ThemeSpaceListGeneric list="#666666"
                                 list_title="#000000"
                                 list_text="#000000"
                                 list_text_hi="#ffffff">
          </ThemeSpaceListGeneric>
        </space_list>
      </ThemeClipEditor>
    </clip_editor>
    <bone_color_sets>
      <ThemeBoneColorSet normal="#9a0000"
                         select="#bd1111"
                         active="#f70a0a"
                         show_colored_constraints="FALSE">
      </ThemeBoneColorSet>
      <ThemeBoneColorSet normal="#f74018"
                         select="#f66913"
                         active="#fa9900"
                         show_colored_constraints="FALSE">
      </ThemeBoneColorSet>
      <ThemeBoneColorSet normal="#1e9109"
                         select="#59b70b"
                         active="#83ef1d"
                         show_colored_constraints="FALSE">
      </ThemeBoneColorSet>
      <ThemeBoneColorSet normal="#0a3694"
                         select="#3667df"
                         active="#5ec1ef"
                         show_colored_constraints="FALSE">
      </ThemeBoneColorSet>
      <ThemeBoneColorSet normal="#a9294e"
                         select="#c1416a"
                         active="#f05d91"
                         show_colored_constraints="FALSE">
      </ThemeBoneColorSet>
      <ThemeBoneColorSet normal="#430c78"
                         select="#543aa3"
                         active="#8764d5"
                         show_colored_constraints="FALSE">
      </ThemeBoneColorSet>
      <ThemeBoneColorSet normal="#24785a"
                         select="#3c9579"
                         active="#6fb6ab"
                         show_colored_constraints="FALSE">
      </ThemeBoneColorSet>
      <ThemeBoneColorSet normal="#4b707c"
                         select="#6a8691"
                         active="#9bc2cd"
                         show_colored_constraints="FALSE">
      </ThemeBoneColorSet>
      <ThemeBoneColorSet normal="#f4c90c"
                         select="#eec236"
                         active="#f3ff00"
                         show_colored_constraints="FALSE">
      </ThemeBoneColorSet>
      <ThemeBoneColorSet normal="#1e2024"
                         select="#484c56"
                         active="#ffffff"
                         show_colored_constraints="FALSE">
      </ThemeBoneColorSet>
      <ThemeBoneColorSet normal="#6f2f6a"
                         select="#9845be"
                         active="#d330d6"
                         show_colored_constraints="FALSE">
      </ThemeBoneColorSet>
      <ThemeBoneColorSet normal="#6c8e22"
                         select="#7fb022"
                         active="#bbef5b"
                         show_colored_constraints="FALSE">
      </ThemeBoneColorSet>
      <ThemeBoneColorSet normal="#8d8d8d"
                         select="#b0b0b0"
                         active="#dedede"
                         show_colored_constraints="FALSE">
      </ThemeBoneColorSet>
      <ThemeBoneColorSet normal="#834326"
                         select="#8b5811"
                         active="#bd6a11"
                         show_colored_constraints="FALSE">
      </ThemeBoneColorSet>
      <ThemeBoneColorSet normal="#08310e"
                         select="#1c430b"
                         active="#34622b"
                         show_colored_constraints="FALSE">
      </ThemeBoneColorSet>
      <ThemeBoneColorSet normal="#000000"
                         select="#000000"
                         active="#000000"
                         show_colored_constraints="FALSE">
      </ThemeBoneColorSet>
      <ThemeBoneColorSet normal="#000000"
                         select="#000000"
                         active="#000000"
                         show_colored_constraints="FALSE">
      </ThemeBoneColorSet>
      <ThemeBoneColorSet normal="#000000"
                         select="#000000"
                         active="#000000"
                         show_colored_constraints="FALSE">
      </ThemeBoneColorSet>
      <ThemeBoneColorSet normal="#000000"
                         select="#000000"
                         active="#000000"
                         show_colored_constraints="FALSE">
      </ThemeBoneColorSet>
      <ThemeBoneColorSet normal="#000000"
                         select="#000000"
                         active="#000000"
                         show_colored_constraints="FALSE">
      </ThemeBoneColorSet>
    </bone_color_sets>
  </Theme>
  <ThemeStyle>
    <panel_title>
      <ThemeFontStyle points="12"
                      font_kerning_style="FITTED"
                      shadow="1"
                      shadow_offset_x="0"
                      shadow_offset_y="-1"
                      shadow_alpha="0.15"
                      shadow_value="1">
      </ThemeFontStyle>
    </panel_title>
    <widget_label>
      <ThemeFontStyle points="11"
                      font_kerning_style="FITTED"
                      shadow="3"
                      shadow_offset_x="0"
                      shadow_offset_y="-1"
                      shadow_alpha="0.15"
                      shadow_value="1">
      </ThemeFontStyle>
    </widget_label>
    <widget>
      <ThemeFontStyle points="11"
                      font_kerning_style="FITTED"
                      shadow="0"
                      shadow_offset_x="0"
                      shadow_offset_y="0"
                      shadow_alpha="0.25"
                      shadow_value="0">
      </ThemeFontStyle>
    </widget>
  </ThemeStyle>
</bpy>
